<metadata>
<internal_resource>Etd</internal_resource>
<member_of_collection_ids></member_of_collection_ids>
<abstract>Aenean auctor dolor eu pulvinar mattis. Praesent et tempor justo. Nam suscipit ex enim. Nullam sodales tincidunt felis cursus iaculis. Nam aliquet lacinia varius. Integer eleifend ipsum non nulla mollis elementum. Quisque id risus urna. Nulla eget magna vulputate, facilisis velit ac, lacinia libero. Morbi et nisl nec sapien suscipit auctor sit amet nec leo. Aenean dignissim diam id turpis pretium, aliquet dignissim mauris mattis. Fusce nec diam in risus commodo porta sit amet pharetra enim. Sed eros justo, scelerisque at magna ac, viverra ornare odio.</abstract>
<admin_note>Nullam ac risus orci.</admin_note>
<based_near>New York, New York, USA</based_near>
<committee_member>Maecenas fringilla</committee_member><committee_member>Vestibulum luctus</committee_member><committee_member>Maecenas fringilla</committee_member><committee_member>Etiam malesuada</committee_member>
<contributor>Mauris blandit, dictumst</contributor>
<creator>Mauris blandit, auctor</creator>
<date>2022-06-10</date>
<degree_discipline>fermentum ultricies eget et quam</degree_discipline>
<degree_grantor>Curabitur erat ligula</degree_grantor>
<degree_name>Vestibulum luctus</degree_name>
<degree_level>Aenean semper</degree_level>
<description>Etiam dignissim, libero eu suscipit pulvinar</description>
<identifier>Nullam ac risus orci</identifier>
<keyword>sodales tincidunt</keyword><keyword>porttitor ante</keyword><keyword>facilisis blandit</keyword><keyword>magna nec cursus</keyword><keyword>tempus vel</keyword>
<license>Aenean molestie metus orci</license>
<publisher>Curabitur erat ligula</publisher>
<related_url>https://en.wikipedia.org/wiki/Lorem_ipsum</related_url>
<resource_type>Article</resource_type>
<rights_statement>http://rightsstatements.org/vocab/InC/1.0/</rights_statement>
<source>Quisque id risus urna</source>
<title>Full Electronic Thesis / Dissertation</title>
<language>en</language>
<advisor>Donec pharetra arcu</advisor>
<embargo_release_date>2035-06-10</embargo_release_date>
<visibility>embargo</visibility>
<visibility_during_embargo>restricted</visibility_during_embargo>
<visibility_after_embargo>open</visibility_after_embargo>
</metadata>
